<?xml version="1.0" encoding="utf-8" ?>
<OspModelDescription xmlns="https://open-simulation-platform.com/OspModelDescription/1.0.0" version="1.0">

    <VariableGroups>
		
		<Generic name="MotorAngleIn">
			<Variable ref="angleIn"/>
        </Generic>
		
		<Generic name="MotorAngleOut">
			<Variable ref="angleOut"/>
        </Generic>
		
		<Generic name="MotorTorqueIn">
			<Variable ref="torqueIn"/>
        </Generic>
		
		<Generic name="MotorTorqueOut">
			<Variable ref="torqueOut"/>
        </Generic>
		
    </VariableGroups>
	
</OspModelDescription>
