<?xml version="1.0" encoding="utf-8" ?>
<OspModelDescription xmlns="https://open-simulation-platform.com/OspModelDescription/1.0.0" version="1.0">

    <VariableGroups>
		
		<Generic name="MotorContorllerAngleIn">
			<Variable ref="angleIn"/>
        </Generic>
		
		<Generic name="MotorContorllerAngleOut">
			<Variable ref="angleOut"/>
        </Generic>
		
		<Generic name="MotorContorllerTorqueIn">
			<Variable ref="torqueIn"/>
        </Generic>
		
		<Generic name="MotorContorllerTorqueOut">
			<Variable ref="torqueOut"/>
        </Generic>
		
    </VariableGroups>
	
</OspModelDescription>
