<?xml version="1.0" encoding="utf-8" ?>
<OspSystemStructure xmlns="http://opensimulationplatform.com/MSMI/OSPSystemStructure"
                    version="0.1">
    <StartTime>0.0</StartTime>
    <BaseStepSize>0.01</BaseStepSize>
    <Algorithm>fixedStep</Algorithm>
    <Simulators>
        <Simulator name="Motor" source="Motor.fmu" stepSize="0.1"/>
        <Simulator name="MotorController" source="MotorController.fmu" stepSize="0.1"/>
    </Simulators>

    <Connections>

        <VariableConnection>
            <Variable simulator="Motor" name="angleOut"/>
            <Variable simulator="MotorController" name="angleIn"/>
        </VariableConnection>
		
		<VariableConnection>
            <Variable simulator="Motor" name="torqueOut"/>
            <Variable simulator="MotorController" name="torqueIn"/>
        </VariableConnection>
		
		<VariableConnection>
            <Variable simulator="MotorController" name="angleOut"/>
            <Variable simulator="Motor" name="angleIn"/>
        </VariableConnection>
		
		<VariableConnection>
            <Variable simulator="MotorController" name="torqueOut"/>
            <Variable simulator="Motor" name="torqueIn"/>
        </VariableConnection>

    </Connections>
	
</OspSystemStructure>
