{ 
  "description": "Test scenario",
  "defaults": 
  {
    "model": "MotorController",
    "action": "override"
  },
  "events": [
    {
      "time": 0.0,
      "variable": "angleOut",
      "value": 10.0
    },
	{
      "time": 0.0,
      "variable": "torqueOut",
      "value": 20.0
    },
    {
      "time": 200.0,
      "variable": "angleOut",
      "value": 20.0
    },
	{
      "time": 300.0,
      "variable": "torqueOut",
      "value": 50.0
    },
	{
      "time": 400.0,
      "variable": "angleOut",
      "value": 0.0
    },
	{
      "time": 400.0,
      "variable": "torqueOut",
      "value": 0.0
    }
  ],
  
  "end": 500.0
}